ISIN,Security / Company,Corporate Action / Event,gone_date,Verified Source
GB00B2NJD643,Valiant Petroleum plc,Recommended takeover / acquisition by Ithaca Energy,2013-04-19,London Stock Exchange Delisting Notice / Upstream
GB00B081NX89,Inspired Capital plc (formerly Renovo Group plc),Members' Voluntary Liquidation / Cancellation of AIM listing,2016-02-18,Investegate / London Stock Exchange AIM Notice
GB00B29BCK10,Eurasian Natural Resources Corporation (ENRC),Takeover / Buyout by Eurasian Resources Group (ERG) & delisting,2013-11-25,Financial Conduct Authority (FCA) / London Stock Exchange
GB0004658141,F&C Asset Management plc,Recommended Scheme of Arrangement / Acquisition by BMO,2014-05-08,Bank of Montreal / LSE Cancellation Notice
BMG0114P1005,African Minerals Ltd,Administration & Cancellation of trading on AIM,2015-04-20,Deloitte / London Stock Exchange AIM Notice
GB00B1VZK334,London Mining plc,Administration & Cancellation of admission to AIM,2014-11-17,PwC / London Stock Exchange AIM Cancellation Notice
GB00B02H2F76,Augean plc,Scheme of Arrangement / Acquisition by Antwerp Management Ltd (Morgan Stanley Infrastructure),2021-10-25,London Stock Exchange AIM Cancellation Notice
GB00B19NKB76,Home Retail Group plc,Recommended Scheme of Arrangement / Takeover by J Sainsbury plc,2016-09-05,FCA Official List / J Sainsbury plc Announcement
GB00B2QMX606,AGA Rangemaster Group plc,Scheme of Arrangement / Acquisition by Whirlpool Corporation,2015-10-19,London Stock Exchange Cancellation Notice
GB00BQ1XTV39,Alent plc,Recommended Scheme of Arrangement / Acquisition by Platform Specialty Products,2015-12-02,London Stock Exchange Delisting Announcement
GB00BYXK6398,InterContinental Hotels Group plc (Old Ordinary Shares),Share consolidation / Capital reorganization (Replaced by GB00BYV2DV82),2017-05-08,Eurex Corporate Action / InterContinental Hotels Group RNS
GB00BYMT0J19,LivaNova plc (LSE Listing),Voluntary delisting from the London Stock Exchange (retained NASDAQ primary listing),2017-04-05,LivaNova Investor Relations / London Stock Exchange RNS
GB0030544687,GW Pharmaceuticals plc,Scheme of Arrangement / Acquisition by Jazz Pharmaceuticals plc,2021-05-06,Jazz Pharmaceuticals / SEC Form 8-K
GB0032350695,Charter International plc,Scheme of Arrangement / Acquisition by Colfax Corporation,2012-01-13,London Stock Exchange Cancellation Notice
JE00BD9WR069,Shire plc,Scheme of Arrangement / Acquisition by Takeda Pharmaceutical,2019-01-08,Takeda Investor Relations / SEC Form 6-K
GB00B40SF849,Kentz Corporation Ltd,Recommended Cash Offer / Takeover by SNC-Lavalin Group,2014-08-26,London Stock Exchange Cancellation Notice
GB0007365546,Regus plc (Old Ordinary Shares),Scheme of Arrangement / Corporate Redomicile to IWG plc,2016-12-19,IWG plc Investor Relations / LSE Notice
GB0009303123,Wellstream Holdings plc,Recommended Cash & Share Offer / Takeover by GE,2011-03-04,General Electric / LSE Delisting Notice
GB00B126KH97,CSR plc (Cambridge Silicon Radio),Scheme of Arrangement / Takeover by Qualcomm Global Trading,2015-08-14,Qualcomm / London Stock Exchange Cancellation Announcement
GB00B15FWH70,Expro International Group plc,Scheme of Arrangement / Takeover by Umbrellastream Ltd,2008-07-04,London Stock Exchange Delisting Announcement
ZAE000255360,Sibanye Gold Ltd (Sibanye-Stillwater),Scheme of Arrangement / Group Reorganisation into Sibanye Stillwater Ltd,2020-02-24,Sibanye-Stillwater Investor Relations / JSE SENS
GB00BVFD7Q58,Shawbrook Group plc,Recommended Takeover Offer / Acquisition by Marlin Bidco,2017-07-28,London Stock Exchange Cancellation Notice
KYG7091M1096,Polyus Gold International Ltd,Mandatory Tender Offer & Cancellation of LSE Admission,2015-12-04,London Stock Exchange Cancellation Notice
GB00B06GM726,Lookers plc (Old Capital Structure),Share Capital Reorganisation / Consolidation,2007-06-25,Lookers plc Corporate Notice / Companies House Filing
GB00B1VYCH82,Cape plc,Scheme of Arrangement / Recommended Cash Acquisition by Altrad,2017-09-14,London Stock Exchange Cancellation Notice
US46140H1068,Invesco Ltd (Old NYSE Common Stock),Redomicile Scheme of Arrangement (Bermuda to Delaware / CUSIP-ISIN change),2018-12-04,Invesco Ltd SEC Form 8-K
US79400X1072,"salesforce.com, inc.","Corporate Name Change to Salesforce, Inc. / CUSIP update",2022-05-04,Salesforce SEC Form 8-K
US03836N1037,"Aqua America, Inc.","Corporate Name Change to Essential Utilities, Inc.",2020-02-03,Essential Utilities SEC Form 8-K
GB00BJVJZD68,BCA Marketplace plc,Scheme of Arrangement / Takeover by BCA Bidco (TDR Capital),2019-11-05,London Stock Exchange Cancellation Notice
JP3325200008,"Kirin Brewery Company, Limited",Pure Holding Company Restructuring into Kirin Holdings,2007-07-01,Kirin Holdings Corporate History
US4510553054,IAC/InterActiveCorp (Old),Spin-off of Match Group & Corporate Name Change / CUSIP update,2020-07-01,IAC Inc. SEC Form 8-K
GB00B7FC0762,Ophir Energy plc,Recommended Cash Offer / Takeover by Medco Energi,2019-05-24,London Stock Exchange Cancellation Notice
GB0006834344,Pace plc,Scheme of Arrangement / Acquisition by ARRIS Group,2016-01-05,London Stock Exchange Cancellation Notice
GB00B0DG3H29,CSR plc (Pre-Consolidation Shares),Capital Reorganisation / Share Consolidation,2008-05-27,CSR plc Corporate Regulatory Filing / LSE Notice
GB0005363014,Lookers plc (Old Ordinary Structure),Capital Reorganisation / Consolidation,2004-06-21,Companies House / Lookers plc Filing
DE000TUAG505,TUI AG,Delisting of Depositary Interests from the London Stock Exchange,2024-06-24,London Stock Exchange Cancellation Announcement
GB00B43G0577,African Barrick Gold plc (Old ISIN),Corporate Name Change to Acacia Mining plc / Capital restructure,2014-11-28,London Stock Exchange Official Notice
GB00BJ1F4N75,Sirius Minerals plc,Scheme of Arrangement / Recommended Cash Acquisition by Anglo American,2020-03-17,London Stock Exchange Cancellation Notice
GB00BF49WF64,Intu Properties plc,Entered Administration / Cancellation of Listing on LSE,2020-07-31,KPMG / London Stock Exchange Cancellation Announcement
GB00BD8QVC95,NMC Health plc,Administration / Cancellation of listing on the London Stock Exchange,2020-04-28,London Stock Exchange Cancellation Notice
ZAE000296554,Anglo American plc (Old JSE Depository/Secondary line),Corporate reorganization / Demerger of Thungela Resources & capital restructure,2021-06-07,JSE SENS / Anglo American Corporate Announcement
FR0013506730,TechnipFMC plc (Old Euronext listing line),Spin-off & Demerger of Technip Energies N.V. / Delisting from Euronext Paris,2022-02-17,TechnipFMC Investor Relations / Euronext Notice
GB00B0H2K534,Carillion plc,Compulsory Liquidation / Cancellation of listing on LSE,2018-01-15,London Stock Exchange Delisting Announcement
GB00BN4HT335,ContourGlobal plc,Recommended Cash Offer / Takeover by Cretaceous Bidco (KKR),2022-12-21,London Stock Exchange Cancellation Notice
SE0000862997,Lundin Energy AB,Merger / Cross-border Combination with Aker BP ASA & delisting from Nasdaq Stockholm,2022-07-01,Nasdaq Nordic / Aker BP Announcement
FR0010451203,Eutelsat Communications SA,Reorganisation / Capital Restructuring via Merger with OneWeb,2023-09-29,Euronext Paris Corporate Action Notice
GB0004726096,Hunting plc (Old Share Structure),Share consolidation / Capital reorganisation,2004-06-28,Hunting plc Regulatory Filings / Companies House
BE0974400328,Greenyard NV (Old VVPR Strip / Coupon Line),Expiry and Cancellation of VVPR Strips on Euronext Brussels,2018-05-18,Euronext Brussels Notice
GB00BNDRMJ14,Euromoney Institutional Investor plc,Scheme of Arrangement / Recommended Cash Acquisition by Becketts Bidco (Astorg & Epiris),2022-11-25,London Stock Exchange Cancellation Notice
GB00BL9YR756,HomeServe plc,Scheme of Arrangement / Acquisition by Hestia Bidco (Brookfield Infrastructure),2023-01-05,London Stock Exchange Cancellation Notice
IE00BWT6H894,Hibernia REIT plc,Recommended Cash Acquisition / Takeover by Benedict Real Estate Bidco (Brookfield),2022-06-20,Euronext Dublin / London Stock Exchange Cancellation Announcement
LU2290522684,InPost S.A. (Settlement / Post-IPO Temporary Line),Conversion into Permanent Trading Line / Merger into standard ISIN (LU2290523658),2021-01-29,Euronext Amsterdam Corporate Actions
